id,first_name,last_name,phone
1,Rafaellle,Spatoni,358-642-5128
2,Hadria,McMeekin,630-124-0672
3,Cleon,Morey,984-541-2197
4,Anastasie,Brahmer,809-183-5848
5,Cornie,Faircliff,517-806-4606
6,Darnall,Flatman,805-955-5728
7,Gianina,Cayzer,639-353-6935
8,Hieronymus,Cordoba,546-363-6317
9,Rinaldo,Curman,413-132-5400
10,Dorene,Bauman,618-543-8665
11,Fletcher,Tight,511-947-3209
12,Artemis,Kynson,412-561-5023
13,Glynda,Rostern,763-957-9922
14,Ernesta,Rottgers,682-167-6027
15,Naomi,Thackeray,312-765-3303
16,Jordon,Sabin,616-608-7133
17,Catina,Cawt,109-375-1587
18,Francoise,Casa,913-866-6157
19,Milzie,Colt,134-514-8522
20,Frederique,Levane,936-107-5424
21,Hugh,Klyner,994-869-6352
22,Amelia,Dragonette,256-429-6455
23,Arch,Sleath,966-571-8083
24,Filippa,Possel,540-167-5137
25,Edithe,Sterland,526-905-5242
26,Towney,Dyzart,648-366-4551
27,Lona,Layhe,701-161-3099
28,Libby,Norkett,106-186-6188
29,Ilise,Billanie,257-934-1141
30,Sylas,MacKaig,469-490-5190
31,Wilow,Dockree,492-430-7468
32,Concettina,Prendergrass,980-655-8571
33,Farlay,Chantree,321-237-3824
34,Hubie,Berrecloth,892-933-4803
35,Correna,Tisun,197-691-6034
36,Barb,Gregoli,443-899-1067
37,Linet,MacColgan,329-891-7839
38,Kacey,Ladbrook,520-494-3358
39,Cordell,Weall,721-140-6256
40,Beatriz,Sherwyn,454-212-6898
41,Cristin,Challiner,572-715-2330
42,Reeba,Lovstrom,884-287-0929
43,Ignacio,Bartoshevich,803-687-9293
44,Anjela,Casol,103-611-8020
45,Kirstyn,Riggs,734-454-1566
46,Jewell,Morcomb,362-828-9757
47,Paule,Sahlstrom,844-140-5592
48,Emera,Meenan,685-691-7747
49,Giorgio,Jefferies,453-630-5025
50,Giselle,Adame,714-795-2034
51,Nolana,Chastey,143-301-7471
52,Tom,Ickovicz,140-103-5523
53,Chaunce,Noton,207-289-0849
54,Kass,McSporrin,933-804-1318
55,Eimile,Donalson,544-425-4486
56,Pavel,Aymeric,845-891-5539
57,Gill,Tenbrug,154-319-6597
58,Dewie,Jeenes,475-714-4238
59,Idelle,Dudley,128-472-5934
60,Natalina,Paddle,484-716-5365
61,Cris,Colum,316-330-7475
62,Shelagh,Hammerberg,284-741-7131
63,Shell,Koenen,128-674-7087
64,Constantine,Rottcher,956-909-9995
65,Jyoti,Hellewell,234-794-4586
66,Raine,Kalisch,644-666-1196
67,Pete,Pavlenkov,604-137-4633
68,Sephira,Allwood,980-486-4885
69,Doug,Waslin,420-625-1622
70,Dreddy,Knotte,584-594-5420
71,Fayre,Neaverson,813-980-7937
72,Shurlocke,Oattes,338-439-9751
73,Dollie,Smallacombe,173-411-8888
74,Layton,Mulder,316-916-7601
75,Mufi,Parvin,511-953-1460
76,Dex,Bentote,967-425-4935
77,Sidonia,Joel,869-792-2590
78,Bertina,New,850-827-7948
79,Arch,Peerless,378-406-9286
80,Bernard,Tatnell,998-410-6126
81,Zeb,Matityahu,162-549-6657
82,Jerrome,Jacquest,540-357-6941
83,Norri,Itzcak,366-777-8076
84,Pierette,Ingles,784-987-4870
85,Tedra,Halfhead,548-584-1021
86,Wayland,Westberg,527-376-2069
87,Teresa,Garman,611-858-3991
88,Julietta,Shillabear,390-425-6862
89,Perl,Egiloff,386-786-3668
90,Shelia,North,268-419-1824
91,Ailbert,Broggetti,749-749-0556
92,Maureene,Pickton,899-869-0445
93,Michele,Collyear,168-692-0321
94,Perry,Barling,568-848-5665
95,Teirtza,Blowfelde,851-186-2048
96,Cathi,Quadri,728-586-6762
97,Maxie,Pochin,205-586-3807
98,Juli,Turvey,195-453-3439
99,Romona,Mulvaney,258-817-8998
100,Kev,Rosenfelt,202-346-7088
